"Afghanistan","AF","Afghanistan","afghanistan","Afeganistão","Afghanistan"
"Albania","AL","Albanie","Albania","Albânia","Albanien"
"Algeria","DZ","Algérie","Algeria","Argélia","Algerien"
"American Samoa","AS","Samoa Américaines","Samoa americane","Samoa Americana","Amerikanischen Samoa-Inseln"
"Andorra","AD","Andorre","Andorra","Andorra","Andorra"
"Angola","AO","Angola","Angola","Angola","Angola"
"Anguilla","AI","Anguilla","Anguilla","Anguilla","Anguilla"
"Antarctica","AQ","Antarctique","Antartide","Antártica","Antarktika"
"Antigua and Barbuda","AG","Antigua-et-Barbuda","Antigua e Barbuda","Antigua e Barbuda","Antigua und Barbuda"
"Argentina","AR","Argentine","Argentina","Argentina","Argentinien"
"Armenia","AM","Arménie","Armenia","Armênia","Armenien"
"Aruba","AW","Aruba","Aruba","Aruba","Aruba"
"Australia","AU","Australie","Australia","Austrália","Australien"
"Austria","AT","Autriche","Austria","Áustria","Österreich"
"Azerbaijan","AZ","Azerbaïdjan","Azerbaijan","Azerbaijão","Aserbaidschan"
"Bahamas","BS","Bahamas","Bahamas","Bahamas","Bahamas"
"Bahrain","BH","Bahreïn","Bahrain","Bahrain","Bahrein"
"Bangladesh","BD","Bangladesh","Bangladesh","Bangladesh","Bangladesch"
"Barbados","BB","Barbade","Barbados","Barbados","Barbados"
"Belarus","BY","Belarus","Bielorussia","Belarus","Weißrussland"
"Belgium","BE","Belgique","Belgio","Bélgica","Belgien"
"Belize","BZ","Belize","Belize","Belize","Belize"
"Benin","BJ","Bénin","Benin","Benin","Benin"
"Bermuda","BM","Bermuda","Bermuda","Bermudas","Bermuda"
"Bhutan","BT","Bhoutan","Bhutan","Butão","Bhutan"
"Bolivia","BO","Bolivie","Bolivia","Bolívia","Bolivien"
"Bonaire","BQ","Bonaire","Bonaire","Bonaire","Bonaire"
"Bosnia and Herzegovina","BA","Bosnie Herzégovine","Bosnia Erzegovina","Bósnia e Herzegovina","Bosnien und Herzegowina"
"Botswana","BW","Botswana","Botswana","Botswana","Botswana"
"Bouvet Island","BV","Île Bouvet","Isola Bouvet","Ilha Bouvet","Bouvet-Insel"
"Brazil","BR","Brésil","Brasile","Brasil","Brasilien"
"British Indian Ocean Territory","IO","Territoire britannique de l'océan Indien","Territorio britannico dell'Oceano Indiano","Território Britânico do Oceano Índico","Britisches Territorium des Indischen Ozeans"
"British Virgin Islands","VG","Îles Vierges britanniques","Isole Vergini Britanniche","Ilhas Virgens Britânicas","Britische Jungferninseln"
"Brunei Darussalam","BN","Brunei Darussalam","Brunei Darussalam","Brunei Darussalam","Brunei Darussalam"
"Bulgaria","BG","Bulgarie","Bulgaria","Bulgária","Bulgarien"
"Burkina Faso","BF","Burkina Faso","Burkina Faso","Burkina Faso","Burkina Faso"
"Burundi","BI","Burundi","Burundi","Burundi","Burundi"
"Cambodia","KH","Cambodge","Cambogia","Camboja","Kambodscha"
"Cameroon","CM","Cameroun","Camerun","Camarões","Kamerun"
"Canada","CA","Canada","Canada","Canadá","Kanada"
"Cape Verde","CV","Cap-Vert","capo Verde","cabo Verde","Kap Verde"
"Cayman Islands","KY","Îles Caïmans","Isole Cayman","Ilhas Cayman","Cayman Inseln"
"Central African Republic","CF","République centrafricaine","Repubblica Centrafricana","Central Africano República","Zentralafrikanische Republik"
"Chad","TD","Tchad","Chad","Chade","Tschad"
"Chile","CL","Chili","Chile","Chile","Chile"
"China","CN","Chine","Cina","China","China"
"Christmas Island","CX","L'île de noël","Isola di Natale","Ilha do Natal","Weihnachtsinsel"
"Cocos (Keeling) Islands","CC","Cocos (Keeling)","Cocos (Keeling)","Ilhas Cocos (Keeling)","Cocos (Keeling) Islands"
"Colombia","CO","Colombie","Colombia","Colômbia","Kolumbien"
"Comoros","KM","Comores","Comore","Comores","Komoren"
"Congo","CD","Congo","Congo","Congo","Kongo"
"Congo","CG","Congo","Congo","Congo","Kongo"
"Cook Islands","CK","les Îles Cook","Isole Cook","Ilhas Cook","Cookinseln"
"Costa Rica","CR","Costa Rica","Costa Rica","Costa Rica","Costa Rica"
"Cote d'Ivoire","CI","Côte d'Ivoire","Costa d'Avorio","Cote d'Ivoire","Cote d'Ivoire"
"Croatia","HR","Croatie","Croazia","Croácia","Kroatien"
"Cuba","CU","Cuba","Cuba","Cuba","Kuba"
"Curaçao","CW","Curaçao","Curaçao","Curaçao","Curaçao"
"Cyprus","CY","Chypre","Cipro","Chipre","Zypern"
"Czech Republic","CZ","République Tchèque","Repubblica Ceca","República Checa","Tschechien"
"Denmark","DK","Danemark","Danimarca","Dinamarca","Dänemark"
"Djibouti","DJ","Djibouti","Djibouti","Djibouti","Dschibuti"
"Dominica","DM","Dominique","Dominica","Dominica","Dominica"
"Dominican Republic","DOM","République Dominicaine","Repubblica Dominicana","República Dominicana","Dominikanische Republik"
"East Timor","TL","Timor oriental","Timor Est","Timor Leste","Ost-Timor"
"Ecuador","EC","Equateur","Ecuador","Equador","Ecuador"
"Egypt","EG","Egypte","Egitto","Egito","Ägypten"
"El Salvador","SV","le Salvador","El Salvador","El Salvador","El Salvador"
"Equatorial Guinea","GQ","Guinée Équatoriale","Guinea Equatoriale","Guiné Equatorial","Äquatorialguinea"
"Eritrea","ER","Érythrée","L'Eritrea","Eritrea","Eritrea"
"Estonia","EE","Estonie","Estonia","Estônia","Estland"
"Ethiopia","ET","Ethiopie","Etiopia","Etiópia","Äthiopien"
"Falkland Islands (Malvinas)","FK","Îles Falkland (Malvinas)","Isole Falkland (Malvinas)","Ilhas Falkland (Malvinas)","Falklandinseln (Malvinas)"
"Faroe Islands","FO","Îles Féroé","Isole Faroe","ilhas Faroe","Färöer Inseln"
"Fiji","FJ","Fidji","Fiji","Fiji","Fidschi"
"Finland","FI","Finlande","Finlandia","Finlândia","Finnland"
"France","FR","France","Francia","França","Frankreich"
"French Guiana","GF","Guinée Française","Guiana francese","Guiana Francesa","Französisch-Guayana"
"French Polynesia","PF","Polynésie française","Polinesia francese","Polinésia Francesa","Französisch Polynesien"
"French Southern Territories","TF","Terres australes françaises","Territori francesi meridionali","Territórios Franceses do Sul","Südfranzösische Territorien"
"Gabon","GA","Gabon","Gabon","Gabão","Gabun"
"Gambia","GM","Gambie","Gambia","Gâmbia","Gambia"
"Georgia","GE","Géorgie","Georgia","Georgia","Georgia"
"Germany","DE","Allemagne","Germania","Alemanha","Deutschland"
"Ghana","GH","Ghana","Ghana","Gana","Ghana"
"Gibraltar","GI","Gibraltar","Gibilterra","Gibraltar","Gibraltar"
"Greece","GR","Grèce","Grecia","Grécia","Griechenland"
"Greenland","GL","Groenland","Groenlandia","Groenlândia","Grönland"
"Grenada","GD","Grenade","Grenada","Grenada","Grenada"
"Guadeloupe","GP","Guadeloupe","Guadeloupe","Guadalupe","Guadeloupe"
"Guam","GU","Guam","Guam","Guam","Guam"
"Guatemala","GT","Guatemala","Guatemala","Guatemala","Guatemala"
"Guernsey","GG","Guernsey","maglione","Guernsey","Guernsey"
"Guinea","GN","Guinée","Guinea","Guiné","Guinea"
"Guinea-Bissau","GW","Guinée-Bissau","Guinea-Bissau","Guiné-Bissau","Guinea-Bissau"
"Guyana","GY","Guyane","Guyana","Guiana","Guyana"
"Haiti","HT","Haïti","Haiti","Haiti","Haiti"
"Heard Island and McDonald Islands","HM","Îles Heard et McDonald","Isole Heard e McDonald","Ilha Heard e Ilhas McDonald","Heard und McDonald-Inseln"
"Holy See (Vatican City State)","VA","Saint-Siège (Cité du Vatican)","Santa Sede (Città del Vaticano)","Santa Sé (Cidade do Vaticano)","Heiliger Stuhl (Vatikanstadt)"
"Honduras","HN","Honduras","Honduras","Honduras","Honduras"
"Hong Kong","HK","Hong Kong","Hong Kong","Hong Kong","Hongkong"
"Hungary","HU","Hongrie","Ungheria","Hungria","Ungarn"
"Iceland","IS","Islande","Islanda","Islândia","Island"
"India","IN","Inde","India","Índia","Indien"
"Indonesia","ID","Indonésie","Indonesia","Indonésia","Indonesien"
"Iran","IR","l'Iran","Ho corso","Irã","Ich rannte"
"Iraq","IQ","Irak","Iraq","Iraque","Irak"
"Ireland","IE","Irlande","Irlanda","Irlanda","Irland"
"Isle of Man","IM","Isle of Man","Isola di Man","Isle of Man","Isle of Man"
"Israel","IL","Israël","Israele","Israel","Israel"
"Italy","IT","Italie","Italia","Itália","Italien"
"Jamaica","JM","Jamaïque","Giamaica","Jamaica","Jamaika"
"Japan","JP","Japon","Giappone","Japão","Japan"
"Jersey","JE","Jersey","Jersey","Jersey","Jersey"
"Jordan","JO","Jordanie","Giordania","Jordânia","Jordanien"
"Kazakhstan","KZ","Kazakhstan","Kazakhstan","Cazaquistão","Kasachstan"
"Kenya","KE","Kenya","Kenia","Quênia","Kenia"
"Kiribati","KI","Kiribati","Kiribati","Kiribati","Kiribati"
"South Korea","KR","Corée du sud","Corea del Sud","Coreia do Sul","Südkorea"
"North Korea","KP","Corée du Nord","Corea del nord","Coreia do Norte","Nord Korea"
"Kuwait","KW","Koweit","Kuwait","Kuweit","Kuwait"
"Kyrgyzstan","KG","Kirghizistan","Kyrgyzstan","Quirguistão","Kirgisistan"
"Kosovo","XK","Kosovo","Kosovo","Kosovo","Kosovo"
"Lao People's Democratic Republic","LA","République démocratique populaire lao","Repubblica democratica popolare del Laos","República Democrática Popular do Laos","Demokratische Volksrepublik Laos"
"Latvia","LV","Lettonie","Lettonia","Letônia","Lettland"
"Lebanon","LB","Liban","Libano","Líbano","Libanon"
"Lesotho","LS","Lesotho","Lesoto","Lesoto","Lesotho"
"Liberia","LR","Libéria","Liberia","Libéria","Liberia"
"Libya","LY","Libye","Libia","Líbia","Libyen"
"Liechtenstein","LI","Liechtenstein","Liechtenstein","Liechtenstein","Liechtenstein"
"Lithuania","LT","Lituanie","Lituania","Lituânia","Litauen"
"Luxembourg","LU","Luxembourg","Lussemburgo","Luxemburgo","Luxemburg"
"Macao","MO","Macao","Macao","Macau","Macao"
"Macedonia","MK","Macédoine","Macedonia","Macedónia","Mazedonien"
"Madagascar","MG","Madagascar","Madagascar","Madagáscar","Madagaskar"
"Malawi","MW","Malawi","Malawi","Malavi","Malawi"
"Malaysia","MY","Malaisie","Malaysia","Malásia","Malaysia"
"Maldives","MV","Maldives","Maldive","Maldivas","Malediven"
"Mali","ML","Mali","Mali","Mali","Mali"
"Malta","MT","Malte","Malta","Malta","Malta"
"Marshall Islands","MH","Iles Marshall","Isole Marshall","Ilhas Marshall","Marshallinseln"
"Martinique","MQ","Martinique","Martinica","Martinique","Martinique"
"Mauritania","MR","Mauritanie","Mauritania","Mauritânia","Mauretanien"
"Mauritius","MU","Ile Maurice","Mauritius","Mauritius","Mauritius"
"Mayotte","YT","Mayotte","Mayotte","Mayotte","Mayotte"
"Mexico","MX","Mexique","Messico","México","Mexiko"
"Micronesia","FM","Micronésie","Micronesia","Micronesia","Mikronesien"
"Moldova","MD","Moldova","Moldova","Moldova","Moldawien"
"Monaco","MC","Monaco","Monaco","Monaco","Monaco"
"Mongolia","MN","Mongolie","Mongolia","Mongólia","Mongolei"
"Montenegro","ME","Monténégro","Montenegro","Montenegro","Montenegro"
"Montserrat","MS","Montserrat","Montserrat","Montserrat","Montserrat"
"Morocco","MA","Maroc","Marocco","Marrocos","Marokko"
"Mozambique","MZ","Mozambique","Mozambico","Moçambique","Mosambik"
"Myanmar","MM","Myanmar","Myanmar","Myanmar","Myanmar"
"Namibia","NA","Namibie","Namibia","Namíbia","Namibia"
"Nauru","NR","Nauru","Nauru","Nauru","Nauru"
"Nepal","NP","Népal","Nepal","Nepal","Nepal"
"Netherlands","NL","Pays-Bas","Olanda","países Baixos","Niederlande"
"New Caledonia","NC","Nouvelle Calédonie","Nuova Caledonia","Nova Caledônia","Neu-Kaledonien"
"New Zealand","NZ","Nouvelle-Zélande","Nuova Zelanda","Nova Zelândia","Neuseeland"
"Nicaragua","NI","Nicaragua","Nicaragua","Nicarágua","Nicaragua"
"Niger","NE","Niger","Niger","Níger","Niger"
"Nigeria","NG","Nigeria","Nigeria","Nigéria","Nigeria"
"Niue","NU","Niue","Niue","Niue","Niue"
"Norfolk Island","NF","Île Norfolk","Norfolk Island","Ilha Norfolk","Norfolkinsel"
"Northern Mariana Islands","MP","Îles Mariannes du Nord","Isole Marianne settentrionali","Ilhas Marianas do Norte","Nördliche Marianneninseln"
"Norway","NO","Norvège","Norvegia","Noruega","Norwegen"
"Oman","OM","Oman","Oman","Omã","Oman"
"Pakistan","PK","Pakistan","Pakistan","Paquistão","Pakistan"
"Palau","PW","Palau","Palau","Palau","Palau"
"Palestine","PS","Palestine","Palestina","Palestina","Palästina"
"Panama","PA","Panama","Panama","Panamá","Panama"
"Papua New Guinea","PG","Papouasie Nouvelle Guinée","Papua Nuova Guinea","Papua Nova Guiné","Papua Neu-Guinea"
"Paraguay","PY","Paraguay","Paraguay","Paraguai","Paraguay"
"Peru","PE","Pérou","Perù","Peru","Peru"
"Philippines","PH","Philippines","Filippine","Filipinas","Philippinen"
"Pitcairn","PN","Pitcairn","Pitcairn","Pitcairn","Pitcairn"
"Poland","PL","Pologne","Polonia","Polônia","Polen"
"Portugal","PT","Portugal","Portogallo","Portugal","Portugal"
"Puerto Rico","PR","Porto Rico","Puerto Rico","Porto Rico","Puerto Rico"
"Qatar","QA","Qatar","Qatar","Catar","Katar"
"Reunion","RE","Réunion","Riunione","Reunião","Wiedervereinigung"
"Romania","RO","Roumanie","Romania","Romênia","Rumänien"
"Russian Federation","RU","Fédération Russe","Federazione Russa","Federação Russa","Russische Föderation"
"Rwanda","RW","Rwanda","Ruanda","Ruanda","Ruanda"
"Saint Barthelemy","BL","Saint-Barthélemy","saint Barthelemy","saint Barthelemy","saint Barthelemy"
"Saint Helena","SH","Saint Helena","Santa Helena","Santa Helena","St. Helena"
"Saint Kitts and Nevis","KN","Saint-Christophe-et-Niévès","Saint Kitts e Nevis","São Cristóvão e Nevis","St. Kitts und Nevis"
"Saint Lucia","LC","Sainte-Lucie","Santa Lucia","Santa Lúcia","St. Lucia"
"Saint Martin (French part)","MF","Saint Martin (partie française)","Saint Martin (parte francese)","Saint Martin (parte francesa)","Saint Martin (Französisch Teil)"
"Saint Pierre and Miquelon","PM","Saint-Pierre-et-Miquelon","Saint Pierre e Miquelon","Saint Pierre e Miquelon","Saint-Pierre und Miquelon"
"Saint Vincent and the Grenadines","VC","Saint-Vincent-et-les-Grenadines","Saint Vincent e Grenadine","São Vicente e Granadinas","St. Vincent und die Grenadinen"
"Samoa","WS","Samoa","Samoa","Samoa","Samoa"
"San Marino","SM","Saint Marin","San Marino","San Marino","San Marino"
"Sao Tome and Principe","ST","Sao Tomé-et-Principe","Sao Tome e Principe","São Tomé e Príncipe","Sao Tome und Principe"
"Saudi Arabia","SA","Arabie Saoudite","Arabia Saudita","Arábia Saudita","Saudi Arabien"
"Senegal","SN","Sénégal","Senegal","Senegal","Senegal"
"Serbia","RS","Serbie","Serbia","Sérvia","Serbien"
"Seychelles","SC","les Seychelles","Seychelles","Seychelles","Seychellen"
"Sierra Leone","SL","Sierra Leone","Sierra Leone","Serra Leoa","Sierra Leone"
"Singapore","SG","Singapour","Singapore","Cingapura","Singapur"
"Sint Maarten (Dutch part)","SX","Sint Maarten (partie néerlandaise)","Sint Maarten (parte olandese)","Sint Maarten (parte holandesa)","Sint Maarten (niederländischen Teil)"
"Slovakia","SK","Slovaquie","Slovacchia","Eslováquia","Slowakei"
"Slovenia","SI","Slovénie","Slovenia","Eslovenia","Slowenien"
"Solomon Islands","SB","Les îles Salomon","Isole Salomone","Ilhas Salomão","Salomon-Inseln"
"Somalia","SO","Somalie","Somalia","Somália","Somalia"
"South Africa","ZA","Afrique du Sud","Sud Africa","África do Sul","Südafrika"
"South Georgia and the South Sandwich Islands","GS","Géorgie du Sud et les îles Sandwich du Sud","Georgia del Sud e isole Sandwich del Sud","Geórgia do Sul e Sandwich do Sul","Südgeorgien und Südliche Sandwichinseln"
"South Sudan","SS","Soudan du sud","Sudan del Sud","Sudão do Sul","Südsudan"
"Spain","ES","Espagne","Spagna","Espanha","Spanien"
"Sri Lanka","LK","Sri Lanka","Sri Lanka","Sri Lanka","Sri Lanka"
"Sudan","SD","Soudan","Sudan","Sudão","Sudan"
"Suriname","SR","Suriname","Suriname","Suriname","Suriname"
"Svalbard and Jan Mayen","SJ","Svalbard et Jan Mayen","Svalbard e Jan Mayen","Svalbard e Jan Mayen","Svalbard und Jan Mayen"
"Swaziland","SZ","Swaziland","Swaziland","Suazilândia","Swasiland"
"Sweden","SE","Suède","Svezia","Suécia","Schweden"
"Switzerland","CH","Suisse","Svizzera","Suíça","Schweiz"
"Syrian Arab Republic","SY","République arabe syrienne","Repubblica Araba Siriana","República Árabe da Síria","Syrische Arabische Republik"
"Taiwan","TW","Taïwan","Taiwan","Taiwan","Taiwan"
"Tajikistan","TJ","Tadjikistan","Tajikistan","Tajiquistão","Tadschikistan"
"Tanzania","TZ","Tanzanie","Tanzania","Tanzânia","Tansania"
"Thailand","TH","Thaïlande","Tailandia","Tailândia","Thailand"
"Togo","TG","Togo","Togo","Togo","Gehen"
"Tokelau","TK","Tokelau","Tokelau","Tokelau","Tokelau"
"Tonga","TO","Tonga","Tonga","Tonga","Tonga"
"Trinidad and Tobago","TT","Trinité-et-Tobago","Trinidad e Tobago","Trinidad e Tobago","Trinidad und Tobago"
"Tunisia","TN","Tunisie","Tunisia","Tunísia","Tunesien"
"Turkey","TR","Turquie","Turchia","Turquia","Türkei"
"Turkmenistan","TM","Turkménistan","Turkmenistan","Turquemenistão","Turkmenistan"
"Turks and Caicos Islands","TC","îles Turques-et-Caïques","Isole Turks e Caicos","Ilhas Turks e Caicos","Turks- und Caicosinseln"
"Tuvalu","TV","Tuvalu","Tuvalu","Tuvalu","Tuvalu"
"Uganda","UG","Ouganda","Uganda","Uganda","Uganda"
"Ukraine","UA","Ukraine","Ucraina","Ucrânia","Ukraine"
"United Arab Emirates","AE","Emirats Arabes Unis","Emirati Arabi Uniti","Emirados Árabes Unidos","Vereinigte Arabische Emirate"
"United Kingdom","GB","Royaume-Uni","Regno Unito","Reino Unido","Großbritannien"
"United States","US","États Unis","Stati Uniti d'America","EUA","USA"
"United States Minor Outlying Islands","UM","Îles mineures éloignées des États-Unis","Isole minori esterne degli Stati Uniti d'America","Estados Unidos Ilhas Menores Distantes","United States Minor Outlying Islands"
"Uruguay","UY","Uruguay","Uruguay","Uruguai","Uruguay"
"Uzbekistan","UZ","Ouzbékistan","Uzbekistan","Uzbequistão","Usbekistan"
"Vanuatu","VU","Vanuatu","Vanuatu","Vanuatu","Vanuatu"
"Venezuela","VE","Venezuela","Venezuela","Venezuela","Venezuela"
"Viet Nam","VN","Viet Nam","Viet Nam","Viet Nam","Vietnam"
"Virgin Islands US","VI","Îles Vierges des États-Unis","Isole Vergini US","Ilhas Virgens dos EUA","Virgin Islands US"
"Wallis and Futuna","WF","Wallis et Futuna","Wallis e Futuna","Wallis e Futuna","Wallis und Futuna"
"Western Sahara","EH","Sahara occidental","Sahara occidentale","Saara Ocidental","Westsahara"
"Yemen","YE","Yémen","yemen","Iémen","Jemen"
"Zambia","ZM","Zambie","Zambia","Zâmbia","Sambia"
"Zimbabwe","ZW","Zimbabwe","Zimbabwe","Zimbábue","Simbabwe"
